id,url,
1,https://simg.ssgcdn.com/trans.ssg?src=/cmpt/banner/202109/2021090117370424472933833393_256.jpg&w=150&h=150&edit=c&t=1563dd18551f16231432da715468c33acc03630e,
2,https://simg.ssgcdn.com/trans.ssg?src=/cmpt/banner/202007/2020072917411353521969696196_273.jpg&w=150&h=150&edit=c&t=48614e250da988610b4e7935868e8f1290e7c231,
3,https://simg.ssgcdn.com/trans.ssg?src=/cmpt/banner/202007/2020072916174616090674372167_34.jpg&w=150&h=150&edit=c&t=08dd324b76e992bbf3cf69fee132454ef1ae2b2f,
4,https://simg.ssgcdn.com/trans.ssg?src=/cmpt/banner/202007/2020072916180739844304103530_576.jpg&w=150&h=150&edit=c&t=24e30ad244143647858f78afb39731d96b5256bc,
5,https://simg.ssgcdn.com/trans.ssg?src=/cmpt/banner/202007/2020072916183081222145720314_367.jpg&w=150&h=150&edit=c&t=8791b688cc54899753a9adb2f82dc585c52a8ae0,
6,https://simg.ssgcdn.com/trans.ssg?src=/cmpt/banner/202007/2020072917404751786590472759_591.jpg&w=150&h=150&edit=c&t=3a7d4a334ee9337474b984a6ea9867fd36181d57,
7,https://simg.ssgcdn.com/trans.ssg?src=/cmpt/banner/202105/2021051315282642621637316163_499.jpg&w=150&h=150&edit=c&t=74b16620d21c0412d55cec8083a145421623a236,
8,https://simg.ssgcdn.com/trans.ssg?src=/cmpt/banner/202109/2021091312493245557072867707_591.jpg&w=150&h=150&edit=c&t=b1ff290c681d07b086d3b13334f222294befce91,
9,https://simg.ssgcdn.com/trans.ssg?src=/cmpt/banner/202007/2020072916185554662649910364_729.jpg&w=150&h=150&edit=c&t=437f0d41210a78741f89ba827407c26b2e8798ce,
10,https://simg.ssgcdn.com/trans.ssg?src=/cmpt/banner/202007/2020072916221442699359630445_591.jpg&w=150&h=150&edit=c&t=5c5d93292562b819f3509eb400fbd9d49d86ad6e,
11,https://simg.ssgcdn.com/trans.ssg?src=/cmpt/banner/202007/2020072916192109082788875378_90.jpg&w=150&h=150&edit=c&t=b83371edfebf91bca55682016e958688bc59cb78,
12,https://simg.ssgcdn.com/trans.ssg?src=/cmpt/banner/202007/2020072916223916760668536166_464.jpg&w=150&h=150&edit=c&t=82ec94eba3bd7b859529cacae02f3b1287f780b5,
13,https://simg.ssgcdn.com/trans.ssg?src=/cmpt/banner/202105/2021051316532756213053205305_963.jpg&w=150&h=150&edit=c&t=292c99e60f69fb8779ef1e40fe7096612bcb0165,